municipio,Robo,score_riesgo
Ecatepec de Morelos,64878,129756
Tijuana,55095,110190
Guadalajara,53027,106054
Tlalnepantla de Baz,28901,57802
Mexicali,26636,53272
Puebla,25178,50356
Zapopan,24694,49388
Querétaro,24613,49226
Benito Juárez,24146,48292
Aguascalientes,20536,41072
Toluca,20396,40792
Naucalpan de Juárez,20387,40774
Iztapalapa,20102,40204
Culiacán,19294,38588
Juárez,19218,38436
Cuautitlán Izcalli,17714,35428
Nezahualcóyotl,17224,34448
San Luis Potosí,15919,31838
Gustavo A. Madero,15783,31566
Cuernavaca,14280,28560
Morelia,14182,28364
Cuauhtémoc,13828,27656
Ensenada,13203,26406
Chimalhuacán,12237,24474
Tultitlán,12196,24392
Acapulco de Juárez,12041,24082
Tecámac,11907,23814
La Paz,11898,23796
San Pedro Tlaquepaque,11723,23446
Centro,11683,23366
Reynosa,11382,22764
Chihuahua,10295,20590
Hermosillo,10195,20390
Tonalá,10085,20170
Chalco,10013,20026
Coyoacán,9815,19630
Atizapán de Zaragoza,9282,18564
Uruapan,8660,17320
Tlalpan,8434,16868
Veracruz,8132,16264
Coacalco de Berriozábal,8094,16188
Tlajomulco de Zúñiga,7833,15666
Valle de Chalco Solidaridad,7756,15512
Álvaro Obregón,7471,14942
Azcapotzalco,7095,14190
León,6715,13430
Pachuca de Soto,6670,13340
Miguel Hidalgo,6490,12980
Venustiano Carranza,6483,12966
Celaya,6274,12548
Xalapa,6203,12406
Cajeme,5955,11910
Tehuacán,5761,11522
Oaxaca de Juárez,5642,11284
Iztacalco,5591,11182
San Juan del Río,5580,11160
Texcoco,5453,10906
Jiutepec,5367,10734
Guadalupe,5246,10492
Durango,5219,10438
Ixtapaluca,5150,10300
Playas de Rosarito,5037,10074
Coatzacoalcos,4999,9998
Soledad de Graciano Sánchez,4819,9638
Monterrey,4710,9420
San Martín Texmelucan,4672,9344
Zumpango,4604,9208
Cuautla,4559,9118
Xochimilco,4523,9046
Nicolás Romero,4437,8874
Mazatlán,4308,8616
Chilpancingo de los Bravo,4293,8586
Cárdenas,4119,8238
Metepec,3980,7960
Cuautitlán,3955,7910
Colima,3890,7780
Zamora,3809,7618
Tuxtla Gutiérrez,3783,7566
Apatzingán,3737,7474
Irapuato,3692,7384
Puerto Vallarta,3533,7066
Fresnillo,3418,6836
Tulancingo de Bravo,3409,6818
Chicoloapan,3289,6578
Matamoros,3269,6538
Tecate,3254,6508
Nuevo Laredo,3195,6390
Salamanca,3192,6384
Tláhuac,3138,6276
El Salto,3105,6210
Ahome,3073,6146
Los Cabos,2945,5890
Torreón,2935,5870
Córdoba,2915,5830
Comalcalco,2913,5826
Lázaro Cárdenas,2851,5702
Poza Rica de Hidalgo,2732,5464
Tultepec,2696,5392
Acolman,2627,5254
Zacatecas,2514,5028
Tecamachalco,2475,4950
Victoria,2352,4704
Saltillo,2344,4688
Tula de Allende,2343,4686
Corregidora,2320,4640
Gómez Palacio,2263,4526
El Marqués,2253,4506
San Andrés Cholula,2242,4484
Lagos de Moreno,2188,4376
Solidaridad,2187,4374
Temixco,2186,4372
San Pedro Cholula,2160,4320
Tampico,2159,4318
Huehuetoca,2111,4222
Cunduacán,2095,4190
Tizayuca,2065,4130
Apizaco,2058,4116
Lerma,2056,4112
Minatitlán,2008,4016
No Especificado,2002,4004
Apodaca,1989,3978
Nogales,1978,3956
Emiliano Zapata,1901,3802
Tlaxcala,1899,3798
Manzanillo,1859,3718
Cuautlancingo,1859,3718
Campeche,1855,3710
Boca del Río,1837,3674
Cosoleacaque,1803,3606
Zinacantepec,1789,3578
Huixquilucan,1759,3518
Amozoc,1757,3514
Zihuatanejo de Azueta,1742,3484
Iguala de la Independencia,1679,3358
Huimanguillo,1679,3358
Tapachula,1662,3324
Yautepec,1659,3318
La Magdalena Contreras,1626,3252
Jesús María,1595,3190
San Luis Río Colorado,1592,3184
Villa de Álvarez,1573,3146
Teoloyucan,1558,3116
San Cristóbal de las Casas,1540,3080
Mineral de la Reforma,1537,3074
Tepeaca,1531,3062
Othón P. Blanco,1530,3060
Tepatitlán de Morelos,1527,3054
Tepotzotlán,1428,2856
Río Bravo,1416,2832
Tepic,1397,2794
Navolato,1375,2750
Tecomán,1354,2708
Delicias,1328,2656
Zitácuaro,1315,2630
Guasave,1298,2596
San Nicolás de los Garza,1293,2586
Tuxpan,1281,2562
Teotihuacán,1279,2558
Atlixco,1269,2538
Orizaba,1257,2514
Acayucan,1255,2510
Almoloya de Juárez,1247,2494
Altamira,1240,2480
Ciudad Madero,1233,2466
Sahuayo,1219,2438
Tepeapulco,1199,2398
Heroica Ciudad de Juchitán de Zaragoza,1169,2338
Ixmiquilpan,1159,2318
Huejotzingo,1153,2306
Xochitepec,1130,2260
Otros Municipios,1129,2258
Actopan,1116,2232
Apaseo el Grande,1116,2232
Nacajuca,1105,2210
Cozumel,1101,2202
Atlacomulco,1097,2194
Paraíso,1076,2152
San Mateo Atenco,1074,2148
Papantla,1063,2126
Macuspana,1060,2120
Navojoa,1053,2106
Fortín,1050,2100
Tierra Blanca,1037,2074
Silao de la Victoria,1035,2070
San Juan Bautista Tuxtepec,1001,2002
Carmen,999,1998
Nextlalpan,977,1954
Acatzingo,975,1950
Zapotlanejo,972,1944
Heroica Ciudad de Huajuapan de León,971,1942
Calpulalpan,921,1842
Mérida,921,1842
Chiautempan,915,1830
Zapotlán el Grande,911,1822
Cuajimalpa de Morelos,910,1820
Tenancingo,905,1810
Jalpa de Méndez,894,1788
Palmar de Bravo,891,1782
La Piedad,884,1768
Comitán de Domínguez,879,1758
Múgica,876,1752
Huamantla,861,1722
Santa Cruz Xoxocotlán,858,1716
Cortazar,856,1712
Jilotepec,849,1698
Jacona,842,1684
Izúcar de Matamoros,837,1674
General Escobedo,808,1616
Tianguistenco,799,1598
Santa Catarina,799,1598
Melchor Ocampo,788,1576
Huitzilac,781,1562
Ixtlahuaca,769,1538
Tepeji del Río de Ocampo,767,1534
San Pablo del Monte,765,1530
Tala,762,1524
Ocotlán,755,1510
Matehuala,755,1510
Hidalgo,747,1494
Pedro Escobedo,738,1476
Chignahuapan,737,1474
Guaymas,731,1462
San Miguel de Allende,720,1440
Huauchinango,716,1432
Milpa Alta,708,1416
Tezoyuca,704,1408
Guanajuato,701,1402
Atenco,697,1394
Mixquiahuala de Juárez,693,1386
Perote,693,1386
Monclova,690,1380
Otumba,685,1370
Hidalgo del Parral,680,1360
Tlapa de Comonfort,678,1356
Villagrán,675,1350
Zacatlán,674,1348
Axapusco,672,1344
Ocoyoacac,657,1314
Santa Lucía del Camino,657,1314
Chiconcuac,654,1308
García,654,1308
Jojutla,653,1306
Salvatierra,650,1300
Bahía de Banderas,645,1290
Acajete,636,1272
Pátzcuaro,634,1268
Arandas,617,1234
Tlacotepec de Benito Juárez,614,1228
Xonacatlán,612,1224
Coatepec,603,1206
Salina Cruz,596,1192
Jerez,593,1186
Tenango del Valle,588,1176
Tequisquiapan,588,1176
Cañada Morelos,583,1166
San Juan de los Lagos,582,1164
San Francisco de los Romo,582,1164
Coyotepec,579,1158
Amecameca,577,1154
Pánuco,570,1140
Martínez de la Torre,565,1130
Salvador Alvarado,564,1128
Jaltenco,563,1126
Valle de Santiago,559,1118
Esperanza,559,1118
Apan,552,1104
Camerino Z. Mendoza,549,1098
Palenque,545,1090
Cadereyta Jiménez,545,1090
El Mante,543,1086
Coronango,539,1078
Reforma,539,1078
San Fernando,537,1074
Álamo Temapache,528,1056
Calera,522,1044
Tlaxcoapan,516,1032
Temoaya,510,1020
Rincón de Romos,507,1014
Pénjamo,506,1012
Las Choapas,505,1010
Tihuatlán,504,1008
Lerdo,496,992
Chalchicomula de Sesma,487,974
Valle de Bravo,486,972
San Martín de las Pirámides,482,964
Chapala,481,962
Chiautla,474,948
Comondú,469,938
Yecapixtla,464,928
Tarímbaro,462,924
Ocosingo,460,920
Calimaya,458,916
Chiapa de Corzo,456,912
Apaseo el Alto,455,910
Ayala,452,904
Mocorito,450,900
San Salvador Huixcolotla,449,898
San Andrés Tuxtla,446,892
Escuinapa,446,892
Taxco de Alarcón,445,890
Dolores Hidalgo Cuna de la Independencia Nacional,443,886
Puente de Ixtla,443,886
Buenavista,439,878
Huixtla,437,874
Zempoala,435,870
Los Reyes,434,868
Tulum,431,862
San José Iturbide,429,858
Caborca,428,856
Santa Cruz de Juventino Rosas,424,848
Zacatelco,422,844
Agua Dulce,420,840
Quecholac,418,836
Santo Domingo Tehuantepec,416,832
La Antigua,415,830
Ameca,412,824
Yehualtepec,411,822
San Luis de la Paz,411,822
Elota,410,820
Tangancícuaro,406,812
Ciudad Valles,404,808
Tacámbaro,403,806
Otzolotepec,401,802
Medellín de Bravo,401,802
Tepoztlán,399,798
Loreto,395,790
Teziutlán,394,788
Huichapan,394,788
Libres,394,788
Autlán de Navarro,391,782
Ezequiel Montes,391,782
Nopaltepec,389,778
Cosamaloapan de Carpio,386,772
Capulhuac,386,772
Cuitláhuac,384,768
Río Grande,383,766
Calvillo,383,766
Gabriel Zamora,380,760
Atitalaquia,375,750
Eduardo Neri,373,746
Amealco de Bonfil,372,744
Temascalapa,371,742
Villa Guerrero,370,740
Mapastepec,370,740
Rosario,368,736
El Arenal,360,720
San Pedro Mixtepec Distrito 22,359,718
Pabellón de Arteaga,357,714
La Unión de Isidoro Montes de Oca,355,710
Ixtapan de la Sal,354,708
Cintalapa,346,692
Ojocaliente,345,690
Angostura,342,684
Acambay de Ruíz Castañeda,342,684
Abasolo,342,684
Huatabampo,339,678
Tezontepec de Aldama,338,676
Ario,338,676
Arteaga,338,676
Tlalmanalco,338,676
Atotonilco de Tula,337,674
Maravatío,335,670
San Francisco del Rincón,330,660
Magdalena,328,656
Atotonilco el Alto,327,654
Puruándiro,327,654
Tejupilco,326,652
Zacapu,325,650
Comonfort,322,644
Nicolás Bravo,318,636
San Antonio la Isla,318,636
San Salvador el Verde,317,634
Montemorelos,315,630
Villaflores,315,630
Puerto Peñasco,314,628
Yauhquemehcan,311,622
Ometepec,310,620
Empalme,309,618
Rioverde,307,614
Chilapa de Álvarez,303,606
Pungarabato,301,602
Ixtlahuacán de los Membrillos,299,598
Encarnación de Díaz,299,598
Isla,298,596
La Barca,297,594
Parácuaro,297,594
Yuriria,294,588
Piedras Negras,294,588
Valle Hermoso,293,586
Ziracuaretiro,292,584
Tarimoro,291,582
Matías Romero Avendaño,290,580
El Fuerte,289,578
Tlaltizapán de Zapata,288,576
Apaxco,287,574
Ixtacuixtla de Mariano Matamoros,286,572
Centla,286,572
Salvador Escalante,283,566
Ixtaczoquitlán,280,560
Tequila,278,556
Los Reyes de Juárez,277,554
Zacatepec,274,548
Colón,271,542
Cocula,270,540
Pinos,270,540
Sayula de Alemán,270,540
Nanchital de Lázaro Cárdenas del Río,270,540
Teapa,268,536
Polotitlán,266,532
Jocotitlán,265,530
Tlahuapan,264,528
San Pedro Pochutla,262,524
Tecali de Herrera,262,524
Río Blanco,261,522
Huejutla de Reyes,260,520
Ocozocoautla de Espinosa,259,518
Chilchota,258,516
San Felipe del Progreso,257,514
Tres Valles,257,514
Santa María Huatulco,256,512
Papalotla de Xicohténcatl,256,512
Acámbaro,256,512
Oriental,255,510
Tlaxco,254,508
Tonanitla,253,506
Amatlán de los Reyes,252,504
Tezonapa,251,502
Guadalupe Victoria,249,498
Axochiapan,248,496
Cocotitlán,248,496
Cuautepec de Hinojosa,247,494
Acatlán,245,490
Santiago Pinotepa Nacional,241,482
Apetatitlán de Antonio Carvajal,240,480
Natívitas,240,480
Agua Prieta,239,478
Ramos Arizpe,238,476
Altotonga,238,476
Suchiate,236,472
Acatlán de Juárez,236,472
Xicotepec,236,472
Escárcega,236,472
Jalapa,236,472
Miahuatlán de Porfirio Díaz,235,470
Santiago Tulantepec de Lugo Guerrero,234,468
San Salvador el Seco,233,466
Pesquería,233,466
Nopalucan,232,464
Villa de Zaachila,229,458
Aculco,226,452
Cadereyta de Montes,226,452
Villa Victoria,225,450
Tepetlaoxtoc,225,450
Ocotlán de Morelos,225,450
Mexquitic de Carmona,223,446
Coyuca de Benítez,222,444
Arriaga,222,444
Tochtepec,220,440
Jalostotitlán,219,438
Sombrerete,216,432
Jantetelco,215,430
Jiménez,214,428
Santiago Ixcuintla,213,426
Progreso de Obregón,213,426
Jáltipan,212,424
Zinapécuaro,212,424
Atoyac de Álvarez,211,422
Técpan de Galeana,211,422
Xalatlaco,210,420
Tequixquiac,209,418
Heroica Ciudad de Tlaxiaco,209,418
San Felipe,209,418
Santa María Atzompa,207,414
Huatusco,207,414
San Pedro Garza García,206,412
Singuilucan,206,412
Miguel Alemán,205,410
Tenosique,204,408
Kanasín,202,404
Acaxochitlán,202,404
Temascalcingo,201,402
Tepeyahualco,200,400
Cuapiaxtla de Madero,200,400
Villa Comaltitlán,196,392
Tlaltenango de Sánchez Román,195,390
Cuitzeo,194,388
Linares,193,386
Tantoyuca,193,386
Frontera,193,386
Maltrata,192,384
Jiquilpan,192,384
Chietla,192,384
Jocotepec,191,382
Hueypoxtla,189,378
Paracho,189,378
Tlapacoyan,188,376
Juan C. Bonilla,188,376
Asientos,184,368
Tetla de la Solidaridad,184,368
Acuña,184,368
Loma Bonita,183,366
Allende,183,366
Francisco I. Madero,183,366
Ecuandureo,183,366
Coyuca de Catalán,182,364
Alvarado,182,364
Mexicaltzingo,182,364
Atlatlahucan,181,362
Temascaltepec,180,360
Tangamandapio,178,356
Juan Rodríguez Clara,178,356
Taretan,177,354
Ozumba,176,352
Berriozábal,176,352
Morelos,176,352
Tlacolula de Matamoros,175,350
San Miguel el Alto,175,350
Pueblo Nuevo,174,348
Tlahuelilpan,171,342
Tepetitla de Lardizábal,171,342
Rafael Lara Grajales,170,340
Mulegé,168,336
Aldama,167,334
Acatic,167,334
Felipe Carrillo Puerto,167,334
Huehuetán,166,332
Sayula,166,332
Jamay,165,330
Santiago,165,330
Salinas Victoria,163,326
Escuintla,162,324
Jiquipilco,162,324
Misantla,161,322
Contla de Juan Cuamatzi,160,320
Juanacatlán,160,320
Frontera Comalapa,159,318
Tepanco de López,159,318
Banderilla,159,318
Champotón,157,314
Poncitlán,157,314
Zapotiltic,157,314
San Miguel Xoxtla,156,312
Yurécuaro,156,312
Tlaquiltenango,155,310
Zaragoza,155,310
San Salvador,155,310
Paso del Macho,155,310
Camargo,154,308
Bácum,154,308
Jalacingo,154,308
Huetamo,154,308
Coatzintla,154,308
Bacalar,153,306
Temamatla,153,306
Atotonilco el Grande,153,306
Pijijiapan,153,306
Santiago Juxtlahuaca,152,304
San Sebastián Tutla,152,304
Tlayacapan,151,302
San José Chiapa,151,302
González,151,302
Uriangato,150,300
Miguel Auza,149,298
Etchojoa,149,298
Soyaniquilpan de Juárez,147,294
Zacoalco de Torres,147,294
Progreso,145,290
Ciudad Ixtepec,144,288
San Ignacio,144,288
La Magdalena Tlaltelulco,144,288
Compostela,143,286
San Agustín Tlaxiaca,143,286
Meoqui,143,286
Santa María Colotepec,143,286
Tixtla de Guerrero,143,286
San Martín Hidalgo,142,284
Romita,141,282
Jaral del Progreso,141,282
Panotla,141,282
Tzompantepec,141,282
Huimilpan,141,282
Jonacatepec de Leandro Valle,140,280
Oluta,140,280
Vista Hermosa,139,278
Aguililla,138,276
Mazatán,138,276
Acapetahua,138,276
Atoyac,137,274
Cihuatlán,137,274
Cuapiaxtla,137,274
San Jacinto Amilpas,136,272
San Antonio de la Cal,135,270
Petatlán,135,270
El Carmen,135,270
Chapultepec,133,266
Valparaíso,133,266
Ocuilan,132,264
Tepecoacuilco de Trujano,132,264
Putla Villa de Guerrero,131,262
Lerdo de Tejada,130,260
Villa del Carbón,130,260
Ciénega de Flores,130,260
Armería,129,258
Coscomatepec,129,258
Las Margaritas,128,256
Manuel Doblado,127,254
Xaloztoc,127,254
Coatepec Harinas,125,250
San José del Rincón,124,248
Ticul,122,244
Hueyapan de Ocampo,122,244
San Matías Tlalancaleca,121,242
General Felipe Ángeles,121,242
Juchitepec,120,240
Mariano Escobedo,119,238
Catemaco,119,238
Purísima del Rincón,119,238
Villa Corzo,119,238
Tuxtla Chico,119,238
Nuevo Casas Grandes,119,238
Huitzuco de los Figueroa,118,236
Luis Moya,118,236
Ahuazotepec,117,234
Xicohtzinco,117,234
Totolac,117,234
Omealca,117,234
Juan Aldama,116,232
Villa Hidalgo,114,228
Teolocholco,113,226
Cuyoaco,113,226
Ocampo,113,226
Ahualulco de Mercado,113,226
Tepetlixpa,112,224
El Oro,112,224
Cuerámaro,111,222
Epazoyucan,111,222
Amacuzac,110,220
El Carmen Tequexquitla,110,220
Arcelia,110,220
Moroleón,109,218
Villa de Etla,108,216
Pueblo Viejo,107,214
Villa de Cos,106,212
Jilotzingo,106,212
Tingambato,106,212
Motul,106,212
Tolcayuca,105,210
Villa de Allende,104,208
Nochistlán de Mejía,104,208
Candelaria,103,206
Quiroga,102,204
Tonatico,102,204
Acaponeta,102,204
Salinas,102,204
Rafael Delgado,101,202
Zimatlán de Álvarez,101,202
Tacotalpa,100,200
Acacoyagua,100,200
General Zuazua,100,200
San Diego de la Unión,100,200
El Llano,99,198
Tepalcingo,99,198
Tizimín,99,198
Concepción del Oro,99,198
Santa María del Río,99,198
Naranjos Amatlán,99,198
Ocuituco,98,196
Yahualica de González Gallo,98,196
Villa Corona,98,196
Xalisco,98,196
Purépero,97,194
Motozintla,97,194
José María Morelos,96,192
Ixtlán del Río,95,190
Acultzingo,94,188
Playa Vicente,92,184
Pichucalco,92,184
General Pánfilo Natera,92,184
San Pedro,92,184
Nanacamilpa de Mariano Arista,92,184
Santiago Tuxtla,91,182
Atltzayanca,91,182
Tamazunchale,91,182
Peribán,91,182
Villamar,91,182
Bocoyna,91,182
Tanhuato,91,182
Tlatlauquitepec,91,182
Aljojuca,91,182
Santiago Miahuatlán,90,180
Juan Galindo,90,180
Tuzantán,90,180
Coalcomán de Vázquez Pallares,90,180
Villa de Reyes,90,180
Atlautla,90,180
Tototlán,89,178
Tingüindín,89,178
Ayotlán,89,178
Sabinas,88,176
Atizapán,88,176
Chignautla,88,176
Ajalpan,88,176
Degollado,87,174
Tamuín,87,174
Rayón,87,174
Amatitán,87,174
Chiautzingo,87,174
Umán,87,174
Miacatlán,86,172
Cananea,86,172
Jalpa,86,172
Ojuelos de Jalisco,86,172
Tlachichuca,86,172
Huanímaro,86,172
Santo Tomás Hueyotlipan,85,170
Cosío,85,170
San Pablo Etla,85,170
Valladolid,84,168
Ojinaga,84,168
Coquimatlán,84,168
Zapotlán de Juárez,84,168
Villa de Tezontepec,84,168
Zimapán,83,166
Atempan,83,166
El Higo,83,166
La Huacana,82,164
El Grullo,82,164
San Julián,81,162
Oteapan,81,162
Hueyotlipan,81,162
Ocoyucan,81,162
Tlanalapa,80,160
Ixhuatlán del Sureste,80,160
Teloloapan,80,160
Santiago Papasquiaro,79,158
Texcaltitlán,79,158
Jerécuaro,79,158
Tamazula de Gordiano,79,158
Ixtlán,79,158
Santa Isabel Cholula,79,158
Tepatlaxco de Hidalgo,78,156
Tecuala,78,156
Concordia,78,156
Guerrero,78,156
Balancán,78,156
Atzalan,77,154
Xicoténcatl,76,152
Acatlán de Pérez Figueroa,76,152
Tepexi de Rodríguez,76,152
San Gregorio Atzompa,75,150
Yanga,75,150
Doctor Mora,75,150
Angel R. Cabada,75,150
San Ignacio Río Muerto,74,148
San Blas,74,148
José Sixto Verduzco,74,148
Tenango del Aire,73,146
San Juan Evangelista,73,146
Tecolotlán,73,146
Cotaxtla,73,146
Almoloya del Río,72,144
Ixtlahuacán del Río,72,144
Temoac,72,144
Ciudad Fernández,72,144
Catazajá,71,142
Soledad de Doblado,71,142
Ixtapa,71,142
Mazatecochco de José María Morelos,71,142
Villanueva,70,140
Xico,70,140
San Lorenzo Cacaotepec,70,140
Tomatlán,70,140
Isidro Fabela,70,140
José Azueta,70,140
Maxcanú,69,138
Xiutetelco,69,138
Santa Cruz Tlaxcala,69,138
Izamal,68,136
Malinalco,68,136
Gutiérrez Zamora,68,136
Tekax,68,136
Santa María Tonameca,68,136
Texistepec,68,136
San Juan Huactzinco,67,134
Tizapán el Alto,67,134
Charo,67,134
Cuencamé,66,132
Ozuluama de Mascareñas,66,132
Tetlatlahuca,66,132
General Plutarco Elías Calles,66,132
Juan R. Escudero,66,132
Joquicingo,66,132
Jalpan de Serra,65,130
Vicente Guerrero,65,130
Guachochi,65,130
Papalotla,65,130
San Quintín,65,130
Tepezalá,65,130
Ixtenco,64,128
Tamazula,64,128
Güémez,64,128
Etzatlán,64,128
Puerto Morelos,64,128
Coeneo,64,128
Tepeyanco,63,126
Tecozautla,63,126
Tilapa,63,126
Tlalixcoyan,62,124
Donato Guerra,62,124
Chilón,62,124
Tehuitzingo,62,124
San Marcos,62,124
Santa Cruz Amilpas,62,124
Villa de Tututepec,61,122
Tempoal,61,122
Santa Ana,61,122
Nopala de Villagrán,61,122
Múzquiz,60,120
Yécora,59,118
Ziltlaltépec de Trinidad Sánchez Santos,59,118
Gómez Farías,59,118
Trancoso,58,116
Acuitzio,58,116
Huiloapan de Cuauhtémoc,58,116
Cuichapa,58,116
Frontera Hidalgo,57,114
Amaxac de Guerrero,57,114
Moloacán,57,114
Sain Alto,57,114
Madera,56,112
Sanctórum de Lázaro Cárdenas,56,112
Tlalpujahua,56,112
Jiquipilas,56,112
Chapulco,56,112
Altepexi,56,112
Huixtán,55,110
Isla Mujeres,55,110
San José de Gracia,55,110
San Agustín de las Juntas,55,110
Santiago de Anaya,55,110
Nuevo Urecho,55,110
Cuilápam de Guerrero,55,110
Valle de Guadalupe,55,110
Puente Nacional,55,110
Carrillo Puerto,54,108
Calpan,54,108
Zacualtipán de Ángeles,54,108
San Felipe Teotlalcingo,54,108
Tecpatán,54,108
Cotija,54,108
Tlacotalpan,53,106
Villa García,53,106
San Ignacio Cerro Gordo,53,106
Saucillo,53,106
Chicontepec,52,104
Teocaltiche,52,104
Ursulo Galván,52,104
Heroica Ciudad de Ejutla de Crespo,52,104
Ahualulco,52,104
Carlos A. Carrillo,52,104
Churintzio,52,104
Nealtican,52,104
Tlazazalca,52,104
La Trinitaria,51,102
Santa Isabel Xiloxoxtla,51,102
Chinameca,51,102
Coxcatlán,51,102
Padilla,51,102
Xaltocan,51,102
Mazapil,51,102
Cerro Azul,51,102
Bochil,51,102
Colotlán,51,102
Alfajayucan,50,100
Soconusco,50,100
Teopisca,49,98
Teuchitlán,49,98
Espinal,49,98
San Gabriel Chilac,49,98
Tlaltenango,49,98
Pajacuarán,49,98
Satevó,49,98
Gustavo Díaz Ordaz,49,98
Zacapoaxtla,49,98
Villa de Arriaga,49,98
Badiraguato,48,96
Tasquillo,48,96
Zapotitlán,48,96
Yajalón,48,96
Cacahoatán,48,96
Santa Isabel,48,96
Tlapehuala,48,96
Zinacatepec,48,96
Soto la Marina,48,96
Chapa de Mota,48,96
General Enrique Estrada,48,96
Mineral del Monte,48,96
Españita,47,94
Huamuxtitlán,47,94
Acuamanala de Miguel Hidalgo,47,94
Irimbo,47,94
Vetagrande,47,94
Jesús Carranza,47,94
Santa Ana Nopalucan,46,92
Santa Catarina Ayometla,46,92
Oxchuc,46,92
Las Vigas de Ramírez,46,92
Ayutla de los Libres,46,92
Cosalá,46,92
Mazamitla,46,92
Indaparapeo,46,92
Tlalixtac de Cabrera,45,90
Amanalco,45,90
Tula,45,90
Llera,45,90
Tetela de Ocampo,45,90
Briseñas,45,90
Madero,45,90
Imuris,45,90
Ixhuatlancillo,45,90
Ajacuba,45,90
San Nicolás Buenos Aires,45,90
Ayapango,44,88
Cuetzalan del Progreso,44,88
Castaños,44,88
Tarandacuao,44,88
San Bartolo Coyotepec,44,88
Manlio Fabio Altamirano,44,88
La Perla,44,88
Juchipila,44,88
Asunción Nochixtlán,44,88
Pilcaya,43,86
Totolapan,43,86
Huandacareo,43,86
Sinaloa,43,86
Timilpan,43,86
Comala,43,86
Cherán,43,86
Zongolica,43,86
Galeana,42,84
Tapalpa,42,84
Tepalcatepec,42,84
Ures,42,84
Queréndaro,41,82
Florencio Villarreal,41,82
Las Rosas,41,82
Hueytamalco,41,82
Villa González Ortega,41,82
Tlalnelhuayocan,41,82
Ascensión,40,80
San Juan de Sabinas,40,80
Rosales,40,80
Choix,40,80
Cutzamala de Pinzón,40,80
Tecolutla,40,80
Santa María del Tule,40,80
Soltepec,39,78
Cedral,39,78
Lagunillas,39,78
Tocumbo,39,78
Huasca de Ocampo,39,78
Atzacan,38,76
Tetepango,38,76
Huaquechula,38,76
San Francisco Tetlanohcan,38,76
Tolimán,38,76
Calkiní,38,76
Almoloya de Alquisiras,38,76
La Huerta,37,74
Unión de San Antonio,37,74
Villa de Ramos,37,74
Pinal de Amoles,37,74
Alto Lucero de Gutiérrez Barrios,36,72
Tepeojuma,36,72
Huayacocotla,36,72
Soyaló,36,72
San Juan Guichicovi,36,72
Paso de Ovejas,36,72
Tzintzuntzan,36,72
Amatepec,36,72
Altamirano,35,70
Jamapa,35,70
Chavinda,35,70
Buenavista de Cuéllar,35,70
Alamos,35,70
Sabinas Hidalgo,35,70
La Concordia,34,68
Atzitzintla,34,68
Asunción Ixtaltepec,34,68
Parras,34,68
Mascota,34,68
Ixcaquixtla,34,68
San Juan Atenco,34,68
Cuajinicuilapa,33,66
Marquelia,33,66
San Luis Acatlán,33,66
Acala,33,66
Cerritos,33,66
Molcaxac,33,66
Naolinco,33,66
Nahuatzen,33,66
Noria de Ángeles,33,66
Tuxcueca,32,64
Chilcuautla,32,64
San Vicente Tancuayalab,32,64
Castillo de Teayo,32,64
Nuevo Parangaricutiro,32,64
Contepec,32,64
Panindícuaro,32,64
Santa Apolonia Teacalco,32,64
Talpa de Allende,32,64
San Andrés Huayápam,31,62
Turicato,31,62
Erongarícuaro,31,62
Mezcalapa,31,62
Sultepec,31,62
Ostuacán,31,62
Tepetitlán,31,62
Santa Cruz Quilehtla,31,62
Tepechitlán,31,62
Coahuayana,31,62
Jungapeo,31,62
Zapotlán del Rey,31,62
Mier,31,62
Aquila,30,60
Monte Escobedo,30,60
Santo Tomás,30,60
Francisco Z. Mena,30,60
Moyahua de Estrada,30,60
San Damián Texóloc,30,60
Chilchotla,30,60
Vega de Alatorre,30,60
Metztitlán,29,58
Olinalá,29,58
Teocelo,29,58
Copándaro,29,58
Coroneo,29,58
Ahuacatlán,29,58
Chocamán,29,58
Hunucmá,29,58
San Juanito de Escobedo,29,58
Cuautinchán,29,58
Ixhuatlán del Café,29,58
Tetela del Volcán,29,58
Tianguismanalco,29,58
San Pablo Huixtepec,29,58
El Espinal,28,56
Suchiapa,28,56
Guadalupe y Calvo,28,56
Ebano,28,56
Teúl de González Ortega,28,56
Tancítaro,27,54
El Barrio de la Soledad,27,54
Tetecala,27,54
Santa Ana Maya,27,54
Teteles de Avila Castillo,27,54
Ruíz,27,54
Tabasco,27,54
Teocuitatlán de Corona,27,54
Nava,27,54
Magdalena Apasco,27,54
Casimiro Castillo,27,54
Nombre de Dios,26,52
Jalpan,26,52
General Terán,26,52
Unión de Tula,26,52
Genaro Codina,26,52
Canatlán,26,52
San Lucas,26,52
Huautla de Jiménez,26,52
San Antonino Castillo Velasco,26,52
Cuquío,26,52
Texcalyacac,26,52
Tulcingo,26,52
Almoloya,26,52
Uxpanapa,26,52
Terrenate,25,50
Villa Aldama,25,50
Tepetongo,25,50
San Lorenzo Axocomanitla,25,50
Ajuchitlán del Progreso,25,50
San Gabriel,25,50
Huitziltepec,25,50
Santiago Jamiltepec,25,50
Santa María Petapa,25,50
San Diego de Alejandría,25,50
San José Miahuatlán,25,50
San Miguel Soyaltepec,25,50
Numarán,24,48
Atoyatempan,24,48
Cosautlán de Carvajal,24,48
Doctor Arroyo,24,48
Poanas,24,48
Calakmul,23,46
Penjamillo,23,46
San Pedro Ixtlahuaca,23,46
Mazatepec,23,46
Santo Domingo Zanatepec,23,46
Mazapiltepec de Juárez,23,46
Atlangatepec,23,46
Platón Sánchez,23,46
Cazones de Herrera,23,46
Tampico Alto,23,46
San Juan Cotzocón,23,46
Cosolapa,23,46
Cardonal,23,46
Salto de Agua,22,44
Benemérito de las Américas,22,44
Coatlán del Río,22,44
Piaxtla,22,44
Pueblo Nuevo Solistahuacán,22,44
Muñoz de Domingo Arenas,22,44
Chacaltianguis,22,44
Mapimí,22,44
General Bravo,22,44
Tlalnepantla,22,44
Cañitas de Felipe Pescador,21,42
Tanquián de Escobedo,21,42
Xilitla,21,42
Pahuatlán,21,42
San José Teacalco,21,42
Jitotol,21,42
Domingo Arenas,21,42
Totutla,21,42
Guadalupe Etla,20,40
Ixhuatlán de Madero,20,40
Zacualpan,20,40
Cuaxomulco,20,40
Anáhuac,20,40
Villa de Arista,20,40
Santa Clara,20,40
Tenango de Doria,20,40
San Dionisio Ocotepec,20,40
Amatenango de la Frontera,20,40
Angangueo,20,40
Tecalitlán,20,40
Chapantongo,20,40
Santa Bárbara,20,40
Tlaola,20,40
Huaniqueo,20,40
Tila,20,40
Hueyapan,20,40
Ayahualulco,19,38
Rodeo,19,38
Santiago Maravatío,19,38
General Francisco R. Murguía,19,38
Huiramba,19,38
Charapan,19,38
Hostotipaquillo,19,38
Buenaventura,19,38
Omitlán de Juárez,19,38
Hopelchén,19,38
Valle de Zaragoza,19,38
San Agustín Yatareni,18,36
Tlapanalá,18,36
Peñamiller,18,36
Simojovel,18,36
Mezquital,18,36
Metapa,18,36
Ecatzingo,18,36
Casas Grandes,18,36
Rafael Lucio,18,36
Sahuaripa,18,36
Zirándaro,18,36
Ixtacamaxtitlán,18,36
San Agustín Etla,18,36
Villa Purificación,18,36
Méndez,18,36
Chicomuselo,18,36
Santa María Coyotepec,18,36
Charcas,18,36
Tepeyahualco de Cuauhtémoc,18,36
Zautla,18,36
Techaluta de Montenegro,18,36
Tiquicheo de Nicolás Romero,17,34
Pitiquito,17,34
San Francisco Lachigoló,17,34
Benjamín Hill,17,34
San Francisco Telixtlahuaca,17,34
San Pablo Huitzo,17,34
Tierra Nueva,17,34
Tlatlaya,17,34
Acateno,17,34
Jonuta,17,34
Cojumatlán de Régules,17,34
San Rafael,17,34
Jaumave,17,34
La Independencia,17,34
San Jerónimo Zacualpan,17,34
Janos,17,34
Tocatlán,17,34
Ahumada,17,34
Ixhuacán de los Reyes,17,34
Jolalpan,17,34
Tepexco,17,34
Tuzantla,17,34
Xoxocotla,16,32
Huejúcar,16,32
Amatitlán,16,32
Senguio,16,32
Yaonáhuac,16,32
Mineral del Chico,16,32
San Raymundo Jalpan,16,32
Reyes Etla,16,32
Unión Hidalgo,16,32
Tecomatlán,16,32
Cerro de San Pedro,16,32
Tlilapan,16,32
Xalpatláhuac,16,32
San Buenaventura,16,32
Copala,16,32
Tzitzio,16,32
San Miguel Totolapan,16,32
San Lucas Ojitlán,15,30
Honey,15,30
Tecoanapa,15,30
Santa Catarina Juquila,15,30
Luvianos,15,30
Alpoyeca,15,30
Chapulhuacán,15,30
Santa María del Oro,15,30
Altar,15,30
Huejuquilla el Alto,15,30
Atenango del Río,15,30
San Pedro Totolápam,15,30
Tlaltetela,15,30
Nazareno Etla,15,30
San Juan Bautista Guelache,15,30
Apozol,15,30
Tlanchinol,15,30
Quimixtlán,15,30
Epitacio Huerta,15,30
Epatlán,15,30
Tlanepantla,14,28
Teotitlán de Flores Magón,14,28
Tzimol,14,28
Nautla,14,28
Los Ramones,14,28
Larráinzar,14,28
Cabo Corrientes,14,28
San Pablo Villa de Mitla,14,28
Saltabarranca,14,28
Socoltenango,14,28
Huehuetlán el Chico,14,28
Mecayapan,14,28
Guadalcázar,14,28
San Jerónimo Tecuanipan,14,28
Santa María Xadani,14,28
Mixtla,14,28
Cuatro Ciénegas,14,28
Tanlajás,14,28
Aquiles Serdán,14,28
Igualapa,14,28
El Limón,14,28
Xochitlán Todos Santos,14,28
Amatlán de Cañas,13,26
San Pedro Tapanatepec,13,26
Doctor González,13,26
Santiago Suchilquitongo,13,26
Tamiahua,13,26
Villa de Tamazulápam del Progreso,13,26
Concepción de Buenos Aires,13,26
Villa de Guadalupe,13,26
Tenamaxtlán,13,26
Chalma,13,26
Chamula,13,26
Candelaria Loxicha,13,26
Catorce,13,26
Atlapexco,13,26
Atlixtac,13,26
Copalillo,13,26
Santa Ana Zegache,13,26
Copainalá,13,26
Zacualpan de Amilpas,13,26
Ánimas Trujano,13,26
Ocotepec,13,26
Marcos Castellanos,13,26
San Blas Atempa,13,26
Lafragua,13,26
Pánuco de Coronado,13,26
Moctezuma,13,26
Marín,13,26
Juchitlán,13,26
Chinantla,12,24
La Manzanilla de la Paz,12,24
Chinampa de Gorostiza,12,24
San Martín Chalchicuautla,12,24
Chahuites,12,24
Tlahualilo,12,24
Huanusco,12,24
Ayotoxco de Guerrero,12,24
Venado,12,24
Axtla de Terrazas,12,24
Tepehuanes,12,24
China,12,24
San Joaquín,12,24
Pantepec,12,24
Villa Juárez,12,24
Villa de la Paz,12,24
Ixtapan del Oro,12,24
Ixtacomitán,12,24
Santiago Sochiapan,12,24
Nocupétaro,12,24
Ciudad del Maíz,11,22
Ignacio Zaragoza,11,22
Solosuchiapa,11,22
San Juan Bautista Cuicatlán,11,22
Cualác,11,22
Tetipac,11,22
San Francisco del Oro,11,22
Jacala de Ledezma,11,22
San Felipe Tejalápam,11,22
Churumuco,11,22
Coacoatzintla,11,22
Camarón de Tejeda,11,22
Tlacojalpan,11,22
Yecuatla,11,22
Nejapa de Madero,11,22
Zumpahuacán,11,22
Zozocolco de Hidalgo,11,22
Zinacantán,11,22
Zentla,11,22
Momax,11,22
Amacueca,11,22
Angamacutiro,11,22
Juchitán,11,22
Otatitlán,11,22
Atolinga,11,22
Mariscala de Juárez,11,22
Balleza,11,22
Trinidad García de la Cadena,11,22
Tochimilco,11,22
Carácuaro,11,22
Santa María Jalapa del Marqués,11,22
General Cepeda,11,22
San Pedro y San Pablo Teposcolula,11,22
San Nicolás de los Ranchos,11,22
La Colorada,10,20
Nuevo Ideal,10,20
Ixtlahuacán,10,20
Chicoasén,10,20
Amatenango del Valle,10,20
San Agustín Metzquititlán,10,20
Mina,10,20
Hecelchakán,10,20
Santiago Matatlán,10,20
Aquismón,10,20
Armadillo de los Infante,10,20
Leonardo Bravo,10,20
Atemajac de Brizuela,10,20
Matlapa,10,20
Guachinango,10,20
Petlalcingo,10,20
Ayutla,10,20
Alcozauca de Guerrero,10,20
Molango de Escamilla,10,20
Citlaltépetl,10,20
San Carlos,10,20
Tapilula,10,20
Tatahuicapan de Juárez,10,20
San Ciro de Acosta,10,20
Cuautitlán de García Barragán,10,20
Tepetzintla,10,20
San Felipe Orizatlán,10,20
Chiquilistlán,9,18
Temósachic,9,18
Azoyú,9,18
General Heliodoro Castillo,9,18
Tampamolón Corona,9,18
Coyutla,9,18
López,9,18
Ixmatlahuacan,9,18
Susupuato,9,18
Landa de Matamoros,9,18
San Pedro Lagunillas,9,18
San Sebastián Tecomaxtlahuaca,9,18
Rosamorada,9,18
Cañadas de Obregón,9,18
Comapa,9,18
Jilotlán de los Dolores,9,18
Tenejapa,9,18
San Juan Cacahuatepec,9,18
San Carlos Yautepec,9,18
Viesca,9,18
Atzitzihuacán,9,18
San Sebastián del Oeste,9,18
Villa Sola de Vega,9,18
Angel Albino Corzo,9,18
San Simón de Guerrero,9,18
Xochihuehuetlán,9,18
Arroyo Seco,9,18
San Jerónimo Tlacochahuaya,8,16
Chichiquila,8,16
San Cristóbal de la Barranca,8,16
Huazalingo,8,16
Ignacio de la Llave,8,16
Zináparo,8,16
San Felipe Jalapa de Díaz,8,16
El Parral,8,16
San Andrés Paxtlán,8,16
San Andrés Huaxpaltepec,8,16
San Juan Mixtepec Distrito 08,8,16
Namiquipa,8,16
El Naranjo,8,16
Casas,8,16
Hualahuises,8,16
Soledad Etla,8,16
Chiconquiaco,8,16
Atexcal,8,16
Cucurpe,8,16
Tantima,8,16
Tancoco,8,16
Malinaltepec,8,16
Vanegas,8,16
Tancanhuitz,8,16
Nacozari de García,8,16
Gran Morelos,8,16
Santa María de la Paz,8,16
Cerralvo,8,16
Nazas,8,16
Huehuetlán el Grande,8,16
Santo Tomás Tamazulapan,8,16
Baviácora,8,16
San Nicolás Tolentino,7,14
Chila,7,14
Ciénega de Zimatlán,7,14
Coetzala,7,14
Jalcomulco,7,14
Hidalgotitlán,7,14
San Andrés Zautla,7,14
Coahuayutla de José María Izazaga,7,14
Soteapan,7,14
San Marcos Arteaga,7,14
San Juan Bautista Valle Nacional,7,14
San Juan Mazatlán,7,14
Ahuacuotzingo,7,14
Praxedis G. Guerrero,7,14
Agua Blanca de Iturbide,7,14
Ayoquezco de Aldama,7,14
Valle de Juárez,7,14
Pihuamo,7,14
Tzicatlacoyan,7,14
Juchique de Ferrer,7,14
Santiago Huajolotitlán,7,14
Ixtapangajoya,7,14
San Dionisio del Mar,7,14
Zapotitlán de Vadillo,7,14
Riva Palacio,7,14
Mezquitic,7,14
Julimes,7,14
La Libertad,7,14
San Dimas,7,14
Siltepec,6,12
Cruillas,6,12
Aconchi,6,12
Coxquihui,6,12
Tamasopo,6,12
Coapilla,6,12
Súchil,6,12
Tepatlaxco,6,12
Soledad Atzompa,6,12
Zitlala,6,12
Copanatoyac,6,12
Huajicori,6,12
El Porvenir,6,12
Acteopan,6,12
Teopantlán,6,12
Pantelhó,6,12
San Juan Guelavía,6,12
Chiconcuautla,6,12
Tonaya,6,12
Santa Gertrudis,6,12
Trincheras,6,12
Bustamante,6,12
Villaldama,6,12
Cusihuiriachi,6,12
Santiago Astata,6,12
Antiguo Morelos,6,12
Mixtlán,6,12
Palizada,6,12
Jala,6,12
Calcahualco,6,12
San Pedro Ixcatlán,6,12
Ixtepec,6,12
Santa María Jacatepec,6,12
Zapotitlán Tablas,6,12
San Sebastián Tlacotepec,6,12
Santo Domingo Yanhuitlán,6,12
Atenguillo,6,12
Santa Catarina Minas,6,12
Nuevo Morelos,6,12
Santa María Mixtequilla,6,12
Magdalena Ocotlán,5,10
Acatepec,5,10
Vallecillo,5,10
San Miguel Tlacamama,5,10
San Francisco Ixhuatán,5,10
Urique,5,10
Magdalena Tequisistlán,5,10
San Pedro Huamelula,5,10
Ixhuatán,5,10
Colipa,5,10
Tonila,5,10
Tianguistengo,5,10
Naco,5,10
Chinicuila,5,10
San Bartolo Tutotepec,5,10
Ahuehuetitla,5,10
San Pedro de la Cueva,5,10
Coatzingo,5,10
Atzala,5,10
Ixtlán de Juárez,5,10
San Mateo Río Hondo,5,10
Tenampulco,5,10
Teotlalco,5,10
Tlacoachistlahuaca,5,10
San Mateo del Mar,5,10
Opodepe,5,10
Quitupan,5,10
Chucándiro,5,10
Quiriego,5,10
Carbó,5,10
San Pedro Yeloixtlahuaca,5,10
San Pedro y San Pablo Ayutla,5,10
San Lucas Tecopilco,5,10
Santiago Chazumba,5,10
Santiago Llano Grande,5,10
Santo Domingo,5,10
Sochiapa,5,10
Santiago Choápam,5,10
Chimaltitán,4,8
San Juan Lalana,4,8
Palmillas,4,8
Santo Domingo Tonalá,4,8
San Antonio,4,8
San Antonio Cañada,4,8
Pajapan,4,8
Villa Díaz Ordaz,4,8
San Pedro Apóstol,4,8
Santa María Huazolotitlán,4,8
Santa Lucía Ocotlán,4,8
Tonayán,4,8
Metlatónoc,4,8
Tepetlán,4,8
Pedro Ascencio Alquisiras,4,8
Aramberri,4,8
Aquixtla,4,8
Tepelmeme Villa de Morelos,4,8
San Juan Colorado,4,8
Eloxochitlán,4,8
Mezquital del Oro,4,8
Guanaceví,4,8
Aporo,4,8
Cohuecan,4,8
Santo Domingo Petapa,4,8
San Pedro Comitancillo,4,8
Huautla,4,8
Onavas,4,8
Caltepec,4,8
La Cruz,4,8
Carichí,4,8
Santiago Laollaga,4,8
Totatiche,4,8
Rojas de Cuauhtémoc,4,8
Juan N. Méndez,4,8
Jopala,4,8
Lolotla,4,8
Fronteras,4,8
Tumbalá,4,8
Tuxcacuesco,4,8
Magdalena Jaltepec,4,8
Tlacotepec de Mejía,4,8
Chanal,4,8
Bella Vista,4,8
Santiago Apóstol,4,8
Santiago Yolomécatl,4,8
General Simón Bolívar,4,8
Bachíniva,4,8
Santa María de los Ángeles,4,8
Chenalhó,4,8
Maguarichi,4,8
Xochitlán de Vicente Suárez,4,8
Mazapa de Madero,4,8
Tamalín,4,8
Nadadores,4,8
Ixcatepec,4,8
Ahuatlán,4,8
Zihuateutla,4,8
Monjas,4,8
"Heroica Villa Tezoatlán de Segura y Luna, Cuna de la Independencia de Oaxaca",4,8
Ixcateopan de Cuauhtémoc,4,8
Doctor Coss,4,8
Naranjal,4,8
Naupan,4,8
San José Chiltepec,4,8
San Sebastián Ixcapa,4,8
El Bosque,4,8
Zoquitlán,4,8
San Gabriel Mixtepec,4,8
Alpatláhuac,4,8
Tapalapa,4,8
San Juan Bautista Coixtlahuaca,4,8
Santa Catarina Quiané,4,8
Coronado,4,8
Cumpas,4,8
Santa Cruz Xitla,4,8
San Jerónimo Xayacatlán,4,8
Chiapilla,3,6
General Treviño,3,6
San Andrés Sinaxtla,3,6
Mártir de Cuilapan,3,6
Santa María Zacatepec,3,6
Maravilla Tenejapa,3,6
Dr. Belisario Domínguez,3,6
San Francisco del Mar,3,6
Agualeguas,3,6
Santo Domingo Tomaltepec,3,6
Peñón Blanco,3,6
Coyomeapan,3,6
Miahuatlán,3,6
Tlacolulan,3,6
Tlacuilotepec,3,6
Quechultenango,3,6
Santiago Miltepec,3,6
San Martín Tilcajete,3,6
Santiago Niltepec,3,6
San Miguel Amatlán,3,6
San Juan Teitipac,3,6
Rincón Chamula San Pedro,3,6
Tlapacoya,3,6
Lampazos de Naranjo,3,6
San Juan de los Cués,3,6
Tubutama,3,6
Zontecomatlán de López y Fuentes,3,6
Jiménez del Teul,3,6
Tlalixtaquilla de Maldonado,3,6
Tuxtilla,3,6
Chalchihuites,3,6
San Miguel Peras,3,6
Santiago Cacaloxtepec,3,6
Tuzamapan de Galeana,3,6
Cuautepec,3,6
Canelas,3,6
San Juan Juquila Mixes,3,6
Atengo,3,6
Chontla,3,6
San Cristóbal Suchixtlahuaca,3,6
Iliatenco,3,6
Xicotlán,3,6
Apulco,3,6
San Juan Chilateca,3,6
Asunción Cacalotepec,3,6
Astacinga,3,6
Indé,3,6
Sitalá,3,6
Amatán,3,6
Santa Cruz Mixtepec,3,6
Mixtla de Altamirano,3,6
Mexticacán,3,6
Santa Inés Yatzeche,3,6
Susticacán,3,6
Xayacatlán de Bravo,3,6
Apazapan,3,6
Cochoapa el Grande,3,6
San Juan Mixtepec Distrito 26,3,6
Santos Reyes Nopala,3,6
San Simón Almolongas,3,6
Villa Unión,3,6
San Baltazar Chichicápam,3,6
La Misión,2,4
Zoquiapan,2,4
San Martín Itunyoso,2,4
Yahualica,2,4
Guazapares,2,4
Calnali,2,4
Xichú,2,4
San Pedro Huilotepec,2,4
Trinidad Zaachila,2,4
San Luis Amatlán,2,4
Amixtlán,2,4
San Miguel de Horcasitas,2,4
Xochiltepec,2,4
Santiago Jocotepec,2,4
Nauzontla,2,4
Totoltepec de Guerrero,2,4
Xochicoatlán,2,4
San Miguel del Puerto,2,4
Xochiatipan,2,4
Marqués de Comillas,2,4
Zacapala,2,4
Santa Cruz Papalutla,2,4
Huehuetlán,2,4
Zapotitlán Palmas,2,4
Zapotitlán de Méndez,2,4
Villa Pesqueira,2,4
Santa Catarina Yosonotú,2,4
Villa Tejúpam de la Unión,2,4
San Lorenzo,2,4
Atlahuilco,2,4
Santa María Chilchotla,2,4
Huatlatlauca,2,4
Ayotzintepec,2,4
Nácori Chico,2,4
Zacazonapan,2,4
General Canuto A. Neri,2,4
San Juan del Estado,2,4
Tumbiscatío,2,4
Unión Juárez,2,4
Santa María la Asunción,2,4
Atarjea,2,4
Acula,2,4
Santiago Ayuquililla,2,4
Santa Cruz Itundujia,2,4
Santa Ana Tlapacoyan,2,4
Pisaflores,2,4
San Lucas Quiaviní,2,4
Otzoloapan,2,4
Mochitlán,2,4
San Miguel Suchixtepec,2,4
Bolaños,2,4
San Miguel el Grande,2,4
San Miguel Tlacotepec,2,4
San Juan Lachao,2,4
San José Tenango,2,4
San Dionisio Ocotlán,2,4
Jaltocán,2,4
Santiago Yaitepec,2,4
Ixcamilpa de Guerrero,2,4
San José Independencia,2,4
Chalcatongo de Hidalgo,2,4
Tlalchapa,2,4
Cosoltepec,2,4
Escobedo,2,4
San Martín Toxpalan,2,4
San Juan Cancuc,2,4
Sunuapa,2,4
Tixkokob,2,4
San Felipe Tepatlán,2,4
Tlacoapa,2,4
Soyopa,2,4
Santiago Yosondúa,2,4
Tlachichilco,2,4
Silacayoápam,2,4
San Felipe de Jesús,2,4
San Juan Ozolotepec,2,4
Santiago el Pinar,2,4
San Felipe Usila,2,4
San Francisco de Conchos,2,4
Jonotla,2,4
El Salvador,2,4
Tenabo,2,4
Chínipas,2,4
San Martín de los Cansecos,2,4
Sierra Mojada,2,4
San Jerónimo Silacayoapilla,2,4
Seybaplaya,2,4
San Javier,2,4
San Bernardo Mixtepec,2,4
La Compañía,2,4
Sáric,2,4
San Martín de Bolaños,2,4
Santo Domingo Chihuitán,2,4
Reforma de Pineda,2,4
San Andrés Tenejapan,2,4
San Sebastián Nicananduta,2,4
Tampacán,2,4
San José del Progreso,2,4
Caxhuacan,2,4
Santiago Tenango,2,4
Santiago Textitlán,2,4
Tepango de Rodríguez,2,4
Santiago Tlazoyaltepec,2,4
Santo Domingo Tepuxtepec,2,4
San Bartolomé Quialana,2,4
Huachinera,2,4
Mier y Noriega,1,2
Concepción Pápalo,1,2
San Pablo Coatlán,1,2
San Esteban Atatlahuca,1,2
Santa Cruz Tacache de Mina,1,2
La Magdalena Tlatlauquitepec,1,2
San Diego la Mesa Tochimiltzingo,1,2
Teotongo,1,2
Eloxochitlán de Flores Magón,1,2
Sitio de Xitlapehua,1,2
Santa Inés Ahuatempan,1,2
Osumacinta,1,2
Coatecas Altas,1,2
El Tule,1,2
Xochiapulco,1,2
San Juan Bautista Lo de Soto,1,2
Mitontic,1,2
San Sebastián Río Hondo,1,2
Teotitlán del Valle,1,2
Santa Cruz Zenzontepec,1,2
Xochistlahuaca,1,2
Apaxtla,1,2
San Pablo Anicano,1,2
Moris,1,2
Yogana,1,2
Tatatila,1,2
San Nicolás,1,2
San Francisco Sola,1,2
San Martín Totoltepec,1,2
Santa Ana del Valle,1,2
San Martín Huamelúlpam,1,2
San Sebastián Abasolo,1,2
Cuautempan,1,2
Homún,1,2
San Jorge Nuchita,1,2
Tenampa,1,2
San Martín Lachilá,1,2
San Ildefonso Amatlán,1,2
Cuayuca de Andrade,1,2
San Ildefonso Villa Alta,1,2
San Jerónimo Coatlán,1,2
San Martín Peras,1,2
Del Nayar,1,2
San Vicente Coatlán,1,2
Santa Catarina Ixtepeji,1,2
Nonoava,1,2
Huitiupán,1,2
Tehuipango,1,2
San Juan Atzompa,1,2
Constancia del Rosario,1,2
Huehuetla,1,2
Hermenegildo Galeana,1,2
Santa Cruz,1,2
San Miguel Tilquiápam,1,2
Ixpantepec Nieves,1,2
Temax,1,2
Iturbide,1,2
Huitzilan de Serdán,1,2
Albino Zertuche,1,2
Zapotitlán Lagunas,1,2
Tekantó,1,2
Santa Catarina Mechoacán,1,2
Ixil,1,2
Santa Catarina Lachatao,1,2
Alaquines,1,2
San Mateo Etlatongo,1,2
Santa Lucía Monteverde,1,2
Arivechi,1,2
Santiago Camotlán,1,2
Pluma Hidalgo,1,2
Chalchihuitán,1,2
San Agustín Atenango,1,2
San Pedro Tidaá,1,2
San Agustín Loxicha,1,2
Santiago Yaveo,1,2
San Pedro Topiltepec,1,2
Pinotepa de Don Luis,1,2
Magdalena Peñasco,1,2
Magdalena Teitipac,1,2
Bejucal de Ocampo,1,2
Tzucacab,1,2
Batopilas de Manuel Gómez Morín,1,2
Chapultenango,1,2
Magdalena Tlacotepec,1,2
San Sebastián Teitipac,1,2
San Andrés Dinicuiti,1,2
Bacanora,1,2
Peto,1,2
San Agustín Amatengo,1,2
Los Herreras,1,2
Chemax,1,2
Río Lagartos,1,2
San Juan Yucuita,1,2
San Pedro Mixtepec Distrito 26,1,2
Santiago Nundiche,1,2
San Pedro Mártir,1,2
San Jerónimo Taviche,1,2
San Juan Yaeé,1,2
Topia,1,2
San Juan Teposcolula,1,2
Calihualá,1,2
Totolapa,1,2
San Pedro Mártir Yucuxaco,1,2
Huejotitán,1,2
La Trinidad Vista Hermosa,1,2
Santiago Tilantongo,1,2
José Joaquín de Herrera,1,2
Santiago Ihuitlán Plumas,1,2
Santiago Comaltepec,1,2
Burgos,1,2
San Juan Sayultepec,1,2
Valerio Trujano,1,2
Santa María Yolotepec,1,2
Guadalupe de Ramírez,1,2
Texcatepec,1,2
Santo Tomás Jalieza,1,2
San Lorenzo Albarradas,1,2
Santo Tomás Mazaltepec,1,2
San Baltazar Loxicha,1,2
Atlamajalcingo del Monte,1,2
San Bartolo Soyaltepec,1,2
Matachí,1,2
Santa María Alotepec,1,2
San Lorenzo Texmelúcan,1,2
San Bartolo Yautepec,1,2
Chocholá,1,2
San Miguel Amatitlán,1,2
San Bartolomé Yucuañe,1,2
Asunción Tlacolulita,1,2
San Miguel Tenango,1,2
Mazatlán Villa de Flores,1,2
Chumatlán,1,2
Asunción Cuyotepeji,1,2
San Pedro y San Pablo Tequixtepec,1,2
San Antonio Huitepec,1,2
Santa María Guelacé,1,2
San Andrés Ixtlahuaca,1,2
San Pablo Macuiltianguis,1,2
Santo Domingo Albarradas,1,2
San Juan Ñumí,1,2
Huépac,1,2
Chichimilá,1,2
Santa María Tlahuitoltepec,1,2
Mainero,1,2
Santa María Teopoxco,1,2
Manuel Benavides,1,2
Santo Domingo Ingenio,1,2
Santo Domingo Nuxaá,1,2
San Andrés Zabache,1,2
Francisco León,1,2
Santa María Guienagati,1,2
Santo Domingo Tlatayápam,1,2
San Miguel Ejutla,1,2
San Miguel Panixtlahuaca,1,2
Chigmecatitlán,1,2
Chila de la Sal,1,2
Texhuacán,1,2
San Jerónimo Tecóatl,1,2
